[
  {
    "id": "433f9310-5b75-4172-873c-eadc19955695",
    "data": [
      {
        "text": "360 One Wam Ltd.",
        "meta": "@company_name",
        "alias": "company_name",
        "userDefined": false
      },
      {
        "text": "\n  divident income",
        "userDefined": false
      }
    ],
    "isTemplate": false,
    "count": 0,
    "lang": "en",
    "updated": 0
  },
  {
    "id": "546cab3c-0a26-4b26-936b-958864042158",
    "data": [
      {
        "text": "7Seas Entertainment Ltd.",
        "meta": "@company_name",
        "alias": "company_name",
        "userDefined": false
      },
      {
        "text": " divident income",
        "userDefined": false
      }
    ],
    "isTemplate": false,
    "count": 0,
    "lang": "en",
    "updated": 0
  },
  {
    "id": "dcc1504c-2fea-4c22-996c-3b2587ae8f09",
    "data": [
      {
        "text": "3Rd Rock Multimedia Ltd.",
        "meta": "@company_name",
        "alias": "company_name",
        "userDefined": false
      },
      {
        "text": " income divident",
        "userDefined": false
      }
    ],
    "isTemplate": false,
    "count": 0,
    "lang": "en",
    "updated": 0
  },
  {
    "id": "53953a02-484d-4aff-98ee-a44e71a8e2f3",
    "data": [
      {
        "text": "20 microns ltd",
        "meta": "@company_name",
        "alias": "company_name",
        "userDefined": false
      },
      {
        "text": " divident income",
        "userDefined": false
      }
    ],
    "isTemplate": false,
    "count": 0,
    "lang": "en",
    "updated": 0
  }
]