[
  {
    "id": "dba815f8-dbc3-47ed-96cc-da391c52e364",
    "data": [
      {
        "text": "7Nr Retail Ltd.",
        "meta": "@company_name",
        "alias": "company_name",
        "userDefined": false
      },
      {
        "text": "\n profit after tax",
        "userDefined": false
      }
    ],
    "isTemplate": false,
    "count": 0,
    "lang": "en",
    "updated": 0
  },
  {
    "id": "fe8e91f2-c0cf-450c-8573-e8c2aab67c6f",
    "data": [
      {
        "text": "63 Moons Technologies Ltd.",
        "meta": "@company_name",
        "alias": "company_name",
        "userDefined": false
      },
      {
        "text": "\n profit after tax",
        "userDefined": false
      }
    ],
    "isTemplate": false,
    "count": 0,
    "lang": "en",
    "updated": 0
  },
  {
    "id": "d67f7718-ba0b-443e-a42a-c5a8d4fe3433",
    "data": [
      {
        "text": "52 Weeks Entertainment Ltd.",
        "meta": "@company_name",
        "alias": "company_name",
        "userDefined": false
      },
      {
        "text": "\n profit after tax",
        "userDefined": false
      }
    ],
    "isTemplate": false,
    "count": 0,
    "lang": "en",
    "updated": 0
  },
  {
    "id": "1a49deaf-177b-4a73-852d-3dcbf6d733de",
    "data": [
      {
        "text": "3P Land Holdings Ltd.",
        "meta": "@company_name",
        "alias": "company_name",
        "userDefined": false
      },
      {
        "text": "\n profit after tax",
        "userDefined": false
      }
    ],
    "isTemplate": false,
    "count": 0,
    "lang": "en",
    "updated": 0
  },
  {
    "id": "5318fc87-7679-4de5-ac8f-224b705b4e6b",
    "data": [
      {
        "text": "20 Microns Ltd.",
        "meta": "@company_name",
        "alias": "company_name",
        "userDefined": false
      },
      {
        "text": " profit after tax",
        "userDefined": false
      }
    ],
    "isTemplate": false,
    "count": 0,
    "lang": "en",
    "updated": 0
  }
]