[
  {
    "id": "139b43ff-1d4d-4ff3-9103-998920b831c1",
    "data": [
      {
        "text": "5Paisa Capital Ltd.",
        "meta": "@company_name",
        "alias": "company_name",
        "userDefined": false
      },
      {
        "text": "\n  sales",
        "userDefined": false
      }
    ],
    "isTemplate": false,
    "count": 0,
    "lang": "en",
    "updated": 0
  },
  {
    "id": "20e215c6-fd4f-44fc-90e1-0ded8aee4ee6",
    "data": [
      {
        "text": "52 Weeks Entertainment Ltd.",
        "meta": "@company_name",
        "alias": "company_name",
        "userDefined": false
      },
      {
        "text": "\n sales",
        "userDefined": false
      }
    ],
    "isTemplate": false,
    "count": 0,
    "lang": "en",
    "updated": 0
  },
  {
    "id": "1aeed2cf-7dac-4b49-a8ea-a70ff5fb85d4",
    "data": [
      {
        "text": "3P Land Holdings Ltd.",
        "meta": "@company_name",
        "alias": "company_name",
        "userDefined": false
      },
      {
        "text": "\n  sales",
        "userDefined": false
      }
    ],
    "isTemplate": false,
    "count": 0,
    "lang": "en",
    "updated": 0
  },
  {
    "id": "3411dd50-8cc3-4b4d-8835-e3ea610c6e58",
    "data": [
      {
        "text": "20 Microns Ltd.",
        "meta": "@company_name",
        "alias": "company_name",
        "userDefined": false
      },
      {
        "text": " sales",
        "userDefined": false
      }
    ],
    "isTemplate": false,
    "count": 0,
    "lang": "en",
    "updated": 0
  }
]