[
  {
    "id": "385740f0-62ae-4f35-9273-34963d7853da",
    "data": [
      {
        "text": "Standalone, please",
        "userDefined": false
      }
    ],
    "isTemplate": false,
    "count": 0,
    "lang": "en",
    "updated": 0
  },
  {
    "id": "9fd98d46-8a54-4ccf-b72a-e66c15e2eb5e",
    "data": [
      {
        "text": "Show me the standalone figures",
        "userDefined": false
      }
    ],
    "isTemplate": false,
    "count": 0,
    "lang": "en",
    "updated": 0
  },
  {
    "id": "6645ad56-8dc1-4e9f-9ed6-5695b4f1bf38",
    "data": [
      {
        "text": "I want the standalone report",
        "userDefined": false
      }
    ],
    "isTemplate": false,
    "count": 0,
    "lang": "en",
    "updated": 0
  }
]