[
  {
    "id": "684317c0-71b1-4cfb-9209-486b0db1dc67",
    "data": [
      {
        "text": "3P Land Holdings Ltd.",
        "meta": "@company_name",
        "alias": "company_name",
        "userDefined": false
      },
      {
        "text": "\n capital total",
        "userDefined": false
      }
    ],
    "isTemplate": false,
    "count": 0,
    "lang": "en",
    "updated": 0
  },
  {
    "id": "72257ef3-c485-48c8-9b64-c1507c938757",
    "data": [
      {
        "text": "A B N Intercorp Ltd.",
        "meta": "@company_name",
        "alias": "company_name",
        "userDefined": false
      },
      {
        "text": "\n  total capital",
        "userDefined": false
      }
    ],
    "isTemplate": false,
    "count": 0,
    "lang": "en",
    "updated": 0
  },
  {
    "id": "2ba481b8-1320-482c-9782-d1f7ef0cd7a7",
    "data": [
      {
        "text": "20 Microns Ltd.",
        "meta": "@company_name",
        "alias": "company_name",
        "userDefined": false
      },
      {
        "text": " total capital",
        "userDefined": false
      }
    ],
    "isTemplate": false,
    "count": 0,
    "lang": "en",
    "updated": 0
  }
]