[
  {
    "id": "af7b8940-0b80-4ab0-bd96-6994ded18f21",
    "data": [
      {
        "text": "Show me consolidated data.",
        "userDefined": false
      }
    ],
    "isTemplate": false,
    "count": 0,
    "lang": "en",
    "updated": 0
  },
  {
    "id": "63974ccd-f4a4-464b-b153-381dfc82f833",
    "data": [
      {
        "text": "I\u0027d like the consolidated report.",
        "userDefined": false
      }
    ],
    "isTemplate": false,
    "count": 0,
    "lang": "en",
    "updated": 0
  }
]