[
  {
    "id": "0c63ee8d-2a70-4ebc-ae1f-ef8efbf07193",
    "data": [
      {
        "text": "3I Infotech Ltd",
        "meta": "@company_name",
        "alias": "company_name",
        "userDefined": false
      },
      {
        "text": ".\n bank balance",
        "userDefined": false
      }
    ],
    "isTemplate": false,
    "count": 0,
    "lang": "en",
    "updated": 0
  },
  {
    "id": "faaa716a-7a81-44c1-a13f-d85150350de3",
    "data": [
      {
        "text": "3P Land Holdings Ltd.",
        "meta": "@company_name",
        "alias": "company_name",
        "userDefined": false
      },
      {
        "text": "\n bank balance",
        "userDefined": false
      }
    ],
    "isTemplate": false,
    "count": 0,
    "lang": "en",
    "updated": 0
  },
  {
    "id": "99f7b9b4-f33a-4019-a806-37ffb27ddb4d",
    "data": [
      {
        "text": "7Nr Retail Ltd.",
        "meta": "@company_name",
        "alias": "company_name",
        "userDefined": false
      },
      {
        "text": "\n  balance bank",
        "userDefined": false
      }
    ],
    "isTemplate": false,
    "count": 0,
    "lang": "en",
    "updated": 0
  },
  {
    "id": "b7aebfcb-9a54-47cd-8b0b-e3c7806e8482",
    "data": [
      {
        "text": "A \u0026 M Jumbo Bags Ltd",
        "meta": "@company_name",
        "alias": "company_name",
        "userDefined": false
      },
      {
        "text": ".\n  balance",
        "userDefined": false
      }
    ],
    "isTemplate": false,
    "count": 0,
    "lang": "en",
    "updated": 0
  },
  {
    "id": "1826c577-92a6-4c23-bc75-3f6d48f7d8ba",
    "data": [
      {
        "text": "7Seas Entertainment Ltd.",
        "meta": "@company_name",
        "alias": "company_name",
        "userDefined": false
      },
      {
        "text": "\n  bank balance",
        "userDefined": false
      }
    ],
    "isTemplate": false,
    "count": 0,
    "lang": "en",
    "updated": 0
  },
  {
    "id": "28af04d2-77c0-44b1-8456-f7682a87bf05",
    "data": [
      {
        "text": "20 microns ltd",
        "meta": "@company_name",
        "alias": "company_name",
        "userDefined": false
      },
      {
        "text": " bank balance",
        "userDefined": false
      }
    ],
    "isTemplate": false,
    "count": 0,
    "lang": "en",
    "updated": 0
  }
]