[
  {
    "id": "c0c36a53-131f-4f8a-8c36-c4589814d718",
    "data": [
      {
        "text": "3Rd Rock Multimedia Ltd.",
        "meta": "@company_name",
        "alias": "company_name",
        "userDefined": false
      },
      {
        "text": "\n net fixed assets",
        "userDefined": false
      }
    ],
    "isTemplate": false,
    "count": 0,
    "lang": "en",
    "updated": 0
  },
  {
    "id": "2f918fea-e175-40b7-8807-d14a58eba3be",
    "data": [
      {
        "text": "A \u0026 M Jumbo Bags Ltd.",
        "meta": "@company_name",
        "alias": "company_name",
        "userDefined": false
      },
      {
        "text": "  fixed assets",
        "userDefined": false
      }
    ],
    "isTemplate": false,
    "count": 0,
    "lang": "en",
    "updated": 0
  },
  {
    "id": "d4f25ddd-1c73-47cc-a5da-0b6897813edd",
    "data": [
      {
        "text": "A \u0026 M Jumbo Bags Ltd.",
        "meta": "@company_name",
        "alias": "company_name",
        "userDefined": false
      },
      {
        "text": " fixed assets",
        "userDefined": false
      }
    ],
    "isTemplate": false,
    "count": 0,
    "lang": "en",
    "updated": 0
  },
  {
    "id": "7a8cfd16-8264-4542-ad21-b3874b68b1da",
    "data": [
      {
        "text": "63 Moons Technologies Ltd.",
        "meta": "@company_name",
        "alias": "company_name",
        "userDefined": false
      },
      {
        "text": " net fixed assets",
        "userDefined": false
      }
    ],
    "isTemplate": false,
    "count": 0,
    "lang": "en",
    "updated": 0
  },
  {
    "id": "7acf83b7-0e64-475a-a60d-024e8e3e3df5",
    "data": [
      {
        "text": "7Nr Retail Ltd.",
        "meta": "@company_name",
        "alias": "company_name",
        "userDefined": false
      },
      {
        "text": " net fixed assets",
        "userDefined": false
      }
    ],
    "isTemplate": false,
    "count": 0,
    "lang": "en",
    "updated": 0
  },
  {
    "id": "df44e1cc-057b-47f0-84e2-05a58d2b7770",
    "data": [
      {
        "text": "20 microns ltd",
        "meta": "@company_name",
        "alias": "company_name",
        "userDefined": false
      },
      {
        "text": " net fixed assets",
        "userDefined": false
      }
    ],
    "isTemplate": false,
    "count": 0,
    "lang": "en",
    "updated": 0
  }
]