[
  {
    "id": "15097d81-e0f3-45ec-8e23-0031c5aa9351",
    "data": [
      {
        "text": " ",
        "userDefined": false
      },
      {
        "text": "A B B India Ltd",
        "meta": "@company_name",
        "alias": "company_name",
        "userDefined": false
      },
      {
        "text": ". divident income",
        "userDefined": false
      }
    ],
    "isTemplate": false,
    "count": 0,
    "lang": "en",
    "updated": 0
  },
  {
    "id": "8b96a875-e585-4dbd-929e-e06992166ede",
    "data": [
      {
        "text": "A 2 Z Infra Engg. Ltd.",
        "meta": "@company_name",
        "alias": "company_name",
        "userDefined": false
      },
      {
        "text": " divident income",
        "userDefined": false
      }
    ],
    "isTemplate": false,
    "count": 0,
    "lang": "en",
    "updated": 0
  },
  {
    "id": "579b6b39-4149-408e-8e8c-11e9076b7687",
    "data": [
      {
        "text": "63 Moons Technologies Ltd.",
        "meta": "@company_name",
        "alias": "company_name",
        "userDefined": false
      },
      {
        "text": " divident income",
        "userDefined": false
      }
    ],
    "isTemplate": false,
    "count": 0,
    "lang": "en",
    "updated": 0
  },
  {
    "id": "cf7107df-1ba0-4154-9c4b-daf303bab401",
    "data": [
      {
        "text": "7Nr Retail Ltd.",
        "meta": "@company_name",
        "alias": "company_name",
        "userDefined": false
      },
      {
        "text": " divident income",
        "userDefined": false
      }
    ],
    "isTemplate": false,
    "count": 0,
    "lang": "en",
    "updated": 0
  },
  {
    "id": "ec69da2e-d78d-4a4d-8a9b-72786a96f4b6",
    "data": [
      {
        "text": "3I Infotech Ltd",
        "meta": "@company_name",
        "alias": "company_name",
        "userDefined": false
      },
      {
        "text": ".\n divident income",
        "userDefined": false
      }
    ],
    "isTemplate": false,
    "count": 0,
    "lang": "en",
    "updated": 0
  },
  {
    "id": "1dc44538-05ed-456d-b609-09c2c1bf1710",
    "data": [
      {
        "text": "3Rd Rock Multimedia Ltd.",
        "meta": "@company_name",
        "alias": "company_name",
        "userDefined": false
      },
      {
        "text": "\n divident income",
        "userDefined": false
      }
    ],
    "isTemplate": false,
    "count": 0,
    "lang": "en",
    "updated": 0
  },
  {
    "id": "53ae56d0-e5fa-44d3-8bec-acfb3e82a2b9",
    "data": [
      {
        "text": "20 microns",
        "meta": "@company_name",
        "alias": "company_name",
        "userDefined": false
      },
      {
        "text": " divident income",
        "userDefined": false
      }
    ],
    "isTemplate": false,
    "count": 0,
    "lang": "en",
    "updated": 0
  }
]