[
  {
    "id": "c5a62786-573c-4798-b2b5-1e0540a7a3df",
    "data": [
      {
        "text": "3M India Ltd.",
        "meta": "@company_name",
        "alias": "company_name",
        "userDefined": false
      },
      {
        "text": "\n  beta value",
        "userDefined": false
      }
    ],
    "isTemplate": false,
    "count": 0,
    "lang": "en",
    "updated": 0
  },
  {
    "id": "93c50195-2f18-48a8-b478-e0b2c406914d",
    "data": [
      {
        "text": "5Paisa Capital Ltd.",
        "meta": "@company_name",
        "alias": "company_name",
        "userDefined": false
      },
      {
        "text": "\n beta",
        "userDefined": false
      }
    ],
    "isTemplate": false,
    "count": 0,
    "lang": "en",
    "updated": 0
  },
  {
    "id": "c91f5b57-0dd9-4dac-8b05-21b742e12281",
    "data": [
      {
        "text": "3I Infotech Ltd",
        "meta": "@company_name",
        "alias": "company_name",
        "userDefined": true
      },
      {
        "text": ". beta",
        "userDefined": false
      }
    ],
    "isTemplate": false,
    "count": 0,
    "lang": "en",
    "updated": 0
  },
  {
    "id": "addfb5f4-a048-4452-99b7-8a8a3363ed29",
    "data": [
      {
        "text": "20 microns ltd",
        "meta": "@company_name",
        "alias": "company_name",
        "userDefined": false
      },
      {
        "text": " beta value",
        "userDefined": false
      }
    ],
    "isTemplate": false,
    "count": 0,
    "lang": "en",
    "updated": 0
  }
]