[
  {
    "id": "2f26b51c-30e7-42ac-82cc-4419efe4b8b6",
    "data": [
      {
        "text": "A 2 Z Infra Engg. Ltd.",
        "meta": "@company_name",
        "alias": "company_name",
        "userDefined": false
      },
      {
        "text": "\n  price to equity",
        "userDefined": false
      }
    ],
    "isTemplate": false,
    "count": 0,
    "lang": "en",
    "updated": 0
  },
  {
    "id": "4b06cfcd-4fe8-4a2f-919a-0fe005cf1fa3",
    "data": [
      {
        "text": "7Seas Entertainment Ltd.",
        "meta": "@company_name",
        "alias": "company_name",
        "userDefined": false
      },
      {
        "text": "\n price to equity",
        "userDefined": false
      }
    ],
    "isTemplate": false,
    "count": 0,
    "lang": "en",
    "updated": 0
  },
  {
    "id": "8372dbc7-8867-4db5-9bad-677faf0d2723",
    "data": [
      {
        "text": "63 Moons Technologies Ltd.",
        "meta": "@company_name",
        "alias": "company_name",
        "userDefined": false
      },
      {
        "text": "\n price to equity",
        "userDefined": false
      }
    ],
    "isTemplate": false,
    "count": 0,
    "lang": "en",
    "updated": 0
  },
  {
    "id": "5d851039-6eb2-4e3d-83b8-c1c4bb5a0f24",
    "data": [
      {
        "text": "3P Land Holdings Ltd.",
        "meta": "@company_name",
        "alias": "company_name",
        "userDefined": false
      },
      {
        "text": "\n  equity to price",
        "userDefined": false
      }
    ],
    "isTemplate": false,
    "count": 0,
    "lang": "en",
    "updated": 0
  },
  {
    "id": "986d3686-f394-456c-9eea-a185b08c60ae",
    "data": [
      {
        "text": "52 Weeks Entertainment Ltd.",
        "meta": "@company_name",
        "alias": "company_name",
        "userDefined": false
      },
      {
        "text": "\n  pe",
        "userDefined": false
      }
    ],
    "isTemplate": false,
    "count": 0,
    "lang": "en",
    "updated": 0
  },
  {
    "id": "bbbae5d4-3870-4264-a676-a3903dcdc4e9",
    "data": [
      {
        "text": "20 microns ltd",
        "meta": "@company_name",
        "alias": "company_name",
        "userDefined": false
      },
      {
        "text": " price to equity",
        "userDefined": false
      }
    ],
    "isTemplate": false,
    "count": 0,
    "lang": "en",
    "updated": 0
  },
  {
    "id": "f1964ddf-ebd6-4e3f-93cd-563efa8d620d",
    "data": [
      {
        "text": "20 microns ltd",
        "meta": "@company_name",
        "alias": "company_name",
        "userDefined": false
      },
      {
        "text": " p/e",
        "userDefined": false
      }
    ],
    "isTemplate": false,
    "count": 0,
    "lang": "en",
    "updated": 0
  }
]