[
  {
    "id": "66b9506b-ea44-4c1b-b4e7-3ac7ba914dd0",
    "data": [
      {
        "text": "financial indicator",
        "userDefined": false
      }
    ],
    "isTemplate": false,
    "count": 0,
    "lang": "en",
    "updated": 0
  },
  {
    "id": "97b19ed8-a7ab-4ace-a12c-7922c7696a24",
    "data": [
      {
        "text": "indicators",
        "userDefined": false
      }
    ],
    "isTemplate": false,
    "count": 0,
    "lang": "en",
    "updated": 0
  },
  {
    "id": "ad8b88de-dfe9-4d80-bd7d-f7cc25ce194b",
    "data": [
      {
        "text": "financial indicators",
        "userDefined": false
      }
    ],
    "isTemplate": false,
    "count": 0,
    "lang": "en",
    "updated": 0
  }
]