[
  {
    "id": "8efe8326-2e5d-4deb-99d7-7874f2b17d3b",
    "data": [
      {
        "text": "52 Weeks Entertainment Ltd",
        "meta": "@company_name",
        "alias": "company_name",
        "userDefined": false
      },
      {
        "text": ".\n  per share earning",
        "userDefined": false
      }
    ],
    "isTemplate": false,
    "count": 0,
    "lang": "en",
    "updated": 0
  },
  {
    "id": "0328340a-83fc-4397-afb4-eec0b689cb9c",
    "data": [
      {
        "text": "20 Microns Ltd.",
        "meta": "@company_name",
        "alias": "company_name",
        "userDefined": false
      },
      {
        "text": "\n  earn per share",
        "userDefined": false
      }
    ],
    "isTemplate": false,
    "count": 0,
    "lang": "en",
    "updated": 0
  },
  {
    "id": "0194ae2f-b136-4ae5-b338-2338dcf64632",
    "data": [
      {
        "text": "3Rd Rock Multimedia Ltd.",
        "meta": "@company_name",
        "alias": "company_name",
        "userDefined": false
      },
      {
        "text": "\n  eps",
        "userDefined": false
      }
    ],
    "isTemplate": false,
    "count": 0,
    "lang": "en",
    "updated": 0
  },
  {
    "id": "4067eef7-fa2e-467e-a3b9-99adfb42bc4b",
    "data": [
      {
        "text": "3Rd Rock Multimedia Ltd.",
        "meta": "@company_name",
        "alias": "company_name",
        "userDefined": false
      },
      {
        "text": "\n  earning per share",
        "userDefined": false
      }
    ],
    "isTemplate": false,
    "count": 0,
    "lang": "en",
    "updated": 0
  }
]