[
  {
    "id": "75760378-af60-4c31-8e8a-ced1234d1a90",
    "data": [
      {
        "text": "3M India Ltd.",
        "meta": "@company_name",
        "alias": "company_name",
        "userDefined": false
      },
      {
        "text": "\n  face value",
        "userDefined": false
      }
    ],
    "isTemplate": false,
    "count": 0,
    "lang": "en",
    "updated": 0
  },
  {
    "id": "b8fc9b48-e1c3-447d-91e2-b674cce05a27",
    "data": [
      {
        "text": "3I Infotech Ltd",
        "meta": "@company_name",
        "alias": "company_name",
        "userDefined": false
      },
      {
        "text": ".\n  face value",
        "userDefined": false
      }
    ],
    "isTemplate": false,
    "count": 1,
    "lang": "en",
    "updated": 0
  },
  {
    "id": "4145d918-a781-4f7c-9235-652aff0b1dd0",
    "data": [
      {
        "text": "20 Microns Ltd.",
        "meta": "@company_name",
        "alias": "company_name",
        "userDefined": false
      },
      {
        "text": "\n  face value",
        "userDefined": false
      }
    ],
    "isTemplate": false,
    "count": 0,
    "lang": "en",
    "updated": 0
  },
  {
    "id": "883ddac0-f3dd-4aa3-8138-b657d1741583",
    "data": [
      {
        "text": "360 One Wam Ltd.",
        "meta": "@company_name",
        "alias": "company_name",
        "userDefined": false
      },
      {
        "text": "\n  face value",
        "userDefined": false
      }
    ],
    "isTemplate": false,
    "count": 0,
    "lang": "en",
    "updated": 0
  }
]