[
  {
    "id": "199d9252-5550-415e-a60c-c8c8aeb94438",
    "data": [
      {
        "text": "3P Land Holdings Ltd.",
        "meta": "@company_name",
        "alias": "company_name",
        "userDefined": false
      },
      {
        "text": "\n  shares outstanding",
        "userDefined": false
      }
    ],
    "isTemplate": false,
    "count": 0,
    "lang": "en",
    "updated": 0
  },
  {
    "id": "497145b9-ac72-4747-94a2-64fd481df797",
    "data": [
      {
        "text": "3I Infotech Ltd",
        "meta": "@company_name",
        "alias": "company_name",
        "userDefined": false
      },
      {
        "text": ".\n  outstanding shares",
        "userDefined": false
      }
    ],
    "isTemplate": false,
    "count": 0,
    "lang": "en",
    "updated": 0
  },
  {
    "id": "ee2139ee-83cb-40a2-bae0-2d4b0b732a6a",
    "data": [
      {
        "text": "360 One Wam Ltd",
        "meta": "@company_name",
        "alias": "company_name",
        "userDefined": false
      },
      {
        "text": ".\n  shares outstanding",
        "userDefined": false
      }
    ],
    "isTemplate": false,
    "count": 0,
    "lang": "en",
    "updated": 0
  },
  {
    "id": "3543c479-33ba-4132-a7f2-271b2cfe5703",
    "data": [
      {
        "text": "3Rd Rock Multimedia Ltd.",
        "meta": "@company_name",
        "alias": "company_name",
        "userDefined": false
      },
      {
        "text": "\n shares outstandin",
        "userDefined": false
      }
    ],
    "isTemplate": false,
    "count": 0,
    "lang": "en",
    "updated": 0
  },
  {
    "id": "cdee1450-55f2-430f-ab03-3cef89130035",
    "data": [
      {
        "text": " ",
        "userDefined": false
      },
      {
        "text": "20 Microns Ltd",
        "meta": "@company_name",
        "alias": "company_name",
        "userDefined": true
      },
      {
        "text": ".\r shares outstanding",
        "userDefined": false
      }
    ],
    "isTemplate": false,
    "count": 0,
    "lang": "en",
    "updated": 0
  }
]