[
  {
    "id": "91b70dc1-b048-45de-b093-718461bca457",
    "data": [
      {
        "text": "3Rd Rock Multimedia Ltd.",
        "meta": "@company_name",
        "alias": "company_name",
        "userDefined": false
      },
      {
        "text": "\n  capitalisation market",
        "userDefined": false
      }
    ],
    "isTemplate": false,
    "count": 0,
    "lang": "en",
    "updated": 0
  },
  {
    "id": "d74f5f4c-dff8-4f25-9244-eef71221e577",
    "data": [
      {
        "text": "5Paisa Capital Ltd.",
        "meta": "@company_name",
        "alias": "company_name",
        "userDefined": false
      },
      {
        "text": "\n  capital market",
        "userDefined": false
      }
    ],
    "isTemplate": false,
    "count": 0,
    "lang": "en",
    "updated": 0
  },
  {
    "id": "2067821c-fa3e-48e6-b544-3b9721bc76bc",
    "data": [
      {
        "text": "52 Weeks Entertainment Ltd.",
        "meta": "@company_name",
        "alias": "company_name",
        "userDefined": false
      },
      {
        "text": "\n  market cap",
        "userDefined": false
      }
    ],
    "isTemplate": false,
    "count": 0,
    "lang": "en",
    "updated": 0
  },
  {
    "id": "8cb3d972-a221-4490-aec5-5bf3e8f4c4e1",
    "data": [
      {
        "text": "360 One Wam Ltd.",
        "meta": "@company_name",
        "alias": "company_name",
        "userDefined": false
      },
      {
        "text": "\n  market capitalisation",
        "userDefined": false
      }
    ],
    "isTemplate": false,
    "count": 0,
    "lang": "en",
    "updated": 0
  }
]