[
  {
    "id": "0baefdd3-3964-49b9-943b-de0d85fc5a4d",
    "data": [
      {
        "text": "5Paisa Capital Ltd.",
        "meta": "@company_name",
        "alias": "company_name",
        "userDefined": false
      },
      {
        "text": "\n ",
        "userDefined": false
      },
      {
        "text": "previous quarter",
        "meta": "@sys.date-period",
        "alias": "date-period",
        "userDefined": false
      },
      {
        "text": " net sales",
        "userDefined": false
      }
    ],
    "isTemplate": false,
    "count": 0,
    "lang": "en",
    "updated": 0
  },
  {
    "id": "9db6a061-c1f7-49d9-be13-3c34433fcefc",
    "data": [
      {
        "text": "3M India Ltd.",
        "meta": "@company_name",
        "alias": "company_name",
        "userDefined": false
      },
      {
        "text": "\n ",
        "userDefined": false
      },
      {
        "text": "l1",
        "meta": "@quarter",
        "alias": "quarter",
        "userDefined": false
      },
      {
        "text": " net sales",
        "userDefined": false
      }
    ],
    "isTemplate": false,
    "count": 0,
    "lang": "en",
    "updated": 0
  },
  {
    "id": "ffa10fd4-59fe-4920-8092-bed16a94417c",
    "data": [
      {
        "text": "3P Land Holdings Ltd.",
        "meta": "@company_name",
        "alias": "company_name",
        "userDefined": false
      },
      {
        "text": "\n  ",
        "userDefined": false
      },
      {
        "text": "L2",
        "meta": "@quarter",
        "alias": "quarter",
        "userDefined": false
      },
      {
        "text": " net sales",
        "userDefined": false
      }
    ],
    "isTemplate": false,
    "count": 0,
    "lang": "en",
    "updated": 0
  },
  {
    "id": "303c9216-bef9-47ca-b7d8-d8509ee167d4",
    "data": [
      {
        "text": "20 microns ltd",
        "meta": "@company_name",
        "alias": "company_name",
        "userDefined": false
      },
      {
        "text": " ",
        "userDefined": false
      },
      {
        "text": "last quarter",
        "meta": "@quarter",
        "alias": "quarter",
        "userDefined": true
      },
      {
        "text": " net sales",
        "userDefined": false
      }
    ],
    "isTemplate": false,
    "count": 0,
    "lang": "en",
    "updated": 0
  }
]