[
  {
    "id": "22a9c921-eb3c-479c-8a82-499baea0ec15",
    "data": [
      {
        "text": "3I Infotech Ltd",
        "meta": "@company_name",
        "alias": "company_name",
        "userDefined": false
      },
      {
        "text": ".\n  net profit ",
        "userDefined": false
      },
      {
        "text": "3rd quarter",
        "meta": "@quarter",
        "alias": "quarter",
        "userDefined": false
      }
    ],
    "isTemplate": false,
    "count": 0,
    "lang": "en",
    "updated": 0
  },
  {
    "id": "a785be64-e6ea-47d8-af28-df38fc483f9e",
    "data": [
      {
        "text": "360 One Wam Ltd.",
        "meta": "@company_name",
        "alias": "company_name",
        "userDefined": false
      },
      {
        "text": "\n  net profit ",
        "userDefined": false
      },
      {
        "text": "last quarter",
        "meta": "@quarter",
        "alias": "quarter",
        "userDefined": false
      }
    ],
    "isTemplate": false,
    "count": 0,
    "lang": "en",
    "updated": 0
  },
  {
    "id": "2c6abc3b-415a-4ee9-a87f-c6260fc82d1b",
    "data": [
      {
        "text": "3P Land Holdings Ltd.",
        "meta": "@company_name",
        "alias": "company_name",
        "userDefined": false
      },
      {
        "text": "\n  net profit ",
        "userDefined": false
      },
      {
        "text": "l2",
        "meta": "@quarter",
        "alias": "quarter",
        "userDefined": false
      }
    ],
    "isTemplate": false,
    "count": 0,
    "lang": "en",
    "updated": 0
  },
  {
    "id": "3e31cf1d-2277-49d5-8b7c-4834398b64ed",
    "data": [
      {
        "text": "20 micons ltd",
        "meta": "@company_name",
        "alias": "company_name",
        "userDefined": false
      },
      {
        "text": " net profit ",
        "userDefined": false
      },
      {
        "text": "1st quarter",
        "meta": "@quarter",
        "alias": "quarter",
        "userDefined": false
      }
    ],
    "isTemplate": false,
    "count": 0,
    "lang": "en",
    "updated": 0
  }
]